I,[,[,[ݒn,[,ܓx,ox
1,1,s(sΰ),sO10-1,,36.063753,136.218747
1,2,()Hۈ牀,sH꒚15-25,,36.060981,136.208139
1,3,H,sH񒚖12-31,,36.059922,136.204056
1,4,()ۈ牀,s9-1,,36.060033,136.198051
1,5,()암ۈ牀,sؓc꒚16-20,,36.055051,136.216286
1,6,LwZ,sO9-1,,36.045633,136.211348
1,7,@,sؓcO9-2,,36.054182,136.211356
1,8,Ǝ,ŝ݂񒚖3-7,,36.051496,136.21438
1,9,ؓcwZ,sؓc꒚1360,,36.049038,136.220608
1,10,_P,s_񒚖2905,,36.049821,136.229957
1,11,ac,sKl9-20,,36.054443,136.238718
1,12,,sr䒬8-414,,36.026765,136.202193
1,13,Ì,s󐅎O1-93,,36.002494,136.200981
1,14,O쒬ӂꂠ,sO쒬7-41,,36.006209,136.164078
1,15,Г쏬wZ,sr񒚖128,,36.037236,136.19166
1,16,ЖkwZ,sᐙl143,,36.059305,136.185342
1,17,АwZ,s]璬22-18,,36.048137,136.176854
1,18,wZ,sO16-1,,36.066197,136.220052
1,19,ۈ牀,sԌ񒚖10-10,,36.069254,136.208726
1,20,ۈ牀,sz꒚9-8,,36.067532,136.203643
1,21,ۈ牀,s񒚖22-20,,36.072071,136.198183
1,22,wZ,sz񒚖503,,36.066324,136.187705
1,23,wZ,s{12-4,,36.058313,136.135731
1,24,,s6-5,,36.062626,136.068368
1,25,wZ,s쒬109-3-3,,36.086248,136.031379
1,26,OW,sO47-19,,36.073244,136.028005
1,27,ӂꂠ,s28-13-1,,36.096981,136.059893
1,28,awZ,s6-24,,36.03705,136.04693
1,29,hWP,sh1-18,,36.029196,136.059965
1,30,,s񒚖1-1,,36.060614,136.226107
1,31,Kۈ牀,sK񒚖7-29,,36.057134,136.230507
1,32,ᑐǂ,s铌񒚖10-13,,36.060184,136.236004
1,33,VowZ,sVoܒ11-1,,36.066117,136.232662
1,34,~RwZ,sklO15-17,,36.06765,136.24332
1,35,kۈ牀,sk꒚22-46,,36.062129,136.250208
1,36,ی,s͐10-13,,36.051914,136.271624
1,37,i,s{l8-4,,36.072391,136.220246
1,38,iwZ,s{꒚10-1,,36.072583,136.229537
1,39,ct,su񒚖25-25,,36.071567,136.240234
1,40,[֌,sJ꒚2105,,36.077949,136.244273
1,41,,s48-1-1,,36.087458,136.269754
1,42,{wZ,sO14-20,,36.078532,136.225965
1,43,ct,soc񒚖502,,36.088644,136.217969
1,44,wZ,s񒚖5-1,,36.076776,136.217397
1,45,ww`wZ,s̋{l45-1,,36.087324,136.211728
1,46,tRwZ,sO13-1,,36.078531,136.213725
1,47,tR,stR꒚1-54,,36.068008,136.217172
1,48,V,sܒ1-8,,36.074895,136.207193
1,49,wZ,sO3001,,36.096972,136.241264
1,50,wZ,sO3801,,36.098012,136.213984
1,51,,sOYۈ꒚1410,,36.079781,136.193545
1,52,yW,sy9-3,,36.100201,136.189937
1,53,Vc˒cnW,sVc˓񒚖72-1,,36.091346,136.20531
1,54,͍,s썇h˒9-18,,36.117482,136.200152
1,55,R,sR40-15,,36.119904,136.184631
1,56,,sl\J5-20-1,,36.107714,136.175246
1,57,쐼Эè,sq⒬5-58,,36.143647,136.14715
1,58,{,srJ19-55,,36.1167,136.140914
1,59,ꉤӂꂠ,sꉤ8-5-1,,36.099233,136.137025
1,60,Z,s΋4-14,,36.14589,136.107282
1,61,WP,s10-80,,36.143427,136.12415
1,62,,s36-2,,36.161494,136.11808
1,63,鑃wZ,saz3-6,,36.130885,136.065938
1,64,wZ,s18-48,,36.110491,136.049235
1,65,{鏬wZ,s{71-31,,36.114486,136.107161
1,66,{ɉ,sRq22-9,,36.131601,136.162433
1,67,Xc,sXcV2,,36.109773,136.230399
1,68,d,sd29-3,,36.10544,136.221966
1,69,XcwZ,s{37-12,,36.115656,136.23767
1,70,𐶏wZ,s莛5-1,,36.032541,136.27513
1,71,W,s54{O18,,36.028187,136.289826
1,72,ӂ邳ƌ𗬊,sV1-21,,35.99388,136.290473
1,73,㕶,skR34-1,,36.001634,136.253047
1,74,ꏬwZ,s͖k53-1,,36.013221,136.231209
1,75,ÒWP,sÒ65-1,,36.037165,136.244918
1,76,ZwZ,s䴐c5-16,,36.026372,136.233056
1,77,wZ,sȐ3-105,,36.014274,136.272448
1,78,RىF╪,ssg25-11-1,,36.01845,136.33104
1,79,Rو,s3-9-1,,36.026863,136.406069
1,80,Jӂꂠ,sJ2-5,,36.028007,136.421911
1,81,gR,sgR3-6-b,,36.022353,136.384229
1,82,RىH,s{11-8,,36.000166,136.413763
1,83,Rُ㖡,s蒬10-3-1,,35.961624,136.417825
1,84,͓_J,s͓19-2,,35.946953,136.440864
1,85,WP,s11-28,,35.962312,136.404018
1,86,Rى,s͌18-33-1,,35.951809,136.359756
1,87,R,sR2-12,,35.999944,136.359754
1,88,_W,s쒬9-37-1,,35.987679,136.358638
1,89,cWP,sc32-49,,36.025753,136.320568
1,90,OJ,sOJ34-32-1,,36.00735,136.319439
1,91,aӂꂠ,sa11-7-6,,36.016748,136.347272
1,92,vΏWP,svΒ32-1,,35.996417,136.433944
1,93,Ԍ˂ӂꂠ,sԌ˒21-4712,,35.989068,136.392799
1,94,zU,s䣍蒬1-68,,36.039257,136.012222
1,95,喡P,s喡36-34,,36.049276,136.018368
1,96,Эޱ,slkR22-8,,36.015493,135.99595
1,97,LWP,sL35-21,,35.99545,135.982182
1,98,,sX20-43-1,,36.019715,136.117908
1,99,sn抈{,s24-12-1,,36.035566,136.10757
1,100,Vӂꂠ,sV8-1,,36.036563,136.138361
1,101,,sO14-11-1,,36.037182,136.152301
1,102,|ӂꂠ,s|23-30-2,,36.047553,136.154595
1,103,Jӂꂠ,sJ12-22-1,,36.002245,136.145806
1,104,Эè,s57-7-1,,36.022379,136.147255
1,105,Rӂꂠ,sR43-18,,36.010441,136.160176
1,106,k,sذʲ5-131,,36.041507,136.164669
1,107,ԓ,sԓ񒚖24-1,,36.0371,136.211923
1,108,sی,sl748,,36.044924,136.18615
1,109,,sؒ61-11-4,,36.100588,136.232265
1,110,։kwZ,։s11-94,,35.655824,136.075398
1,111,։쏬wZ,։s꒚10-40,,35.65125,136.076701
1,112,׻ݏ,։sm1-1,,35.644145,136.07023
1,113,։ꐼwZ,։s钬8-6,,35.653838,136.066022
1,114,wZ,։s27-22,,35.65539,136.055604
1,115,։s̈,։st1-2,,35.652563,136.048744
1,116,BwZ,։sB66-2-10,,35.640258,136.019473
1,117,{wZ,։s{13-25,,35.689216,136.028675
1,118,YwZ,։sFl33-1-2,,35.730249,136.03419
1,119,΂ӂꂠ,։s58-10-2,,35.755638,136.025073
1,120,،,։s؈꒚302,,35.731387,135.976602
1,121,ԍ菬wZ,։sԍ39-8,,35.685321,136.087541
1,122,։sŸ,։s]77-12,,35.72098,136.098921
1,123,Yۈ牀,։sc34-41-2,,35.744863,136.100275
1,124,։s,։s33-12,,35.649864,136.090078
1,125,twZ,։st99-36,,35.69161,136.118484
1,126,wZ,։sÓ38-1-2,,35.630968,136.070886
1,127,։HƍwZ,։sR13-1,,35.622219,136.067176
1,128,Dc2,։sDc11-17,,35.602997,136.098286
1,129,]X؏WP,։s]X8-13-1,,35.609346,136.118716
1,130,W,։s81-25-1,,35.615329,136.145018
1,131,։s,։s񒚖1-1,,35.645222,136.055543
1,132,wZ,։s_40-249,,35.639,136.050383
1,133,쒆wZ,։sR78-1-1,,35.628407,136.048128
1,134,։sR̈,։sR58-13-1,,35.624796,136.033727
1,135,։sqĎx,։sVa꒚3-10,,35.632604,136.056305
1,136,쏬wZ,։s31-2-1,,35.61865,136.053539
1,137,։s,։s䖼53-19,,35.618489,136.049728
1,138,ls,ls蒬6-3,,35.495593,135.746647
1,139,ዷӂꂠ,lslg91-3,,35.49409,135.738575
1,140,lsپ,ls񒚖5-16,,35.505506,135.743672
1,141,Ì,lsk22-2,,35.513005,135.75328
1,142,lsv{𗬾,ls[K43-10-1,,35.532176,135.764681
1,143,C,lsC37-16,,35.539888,135.722909
1,144,cGۈ牀,lscG58-1-1,,35.536666,135.835629
1,145,xۈ牀,lsIc17-12,,35.500596,135.774419
1,146,{,ls2-17-2,,35.492922,135.821113
1,147,i,ls28-7,,35.474221,135.796076
1,148,~,ls~꒚202,,35.484525,135.781419
1,149,wZ,ls46-15,,35.43805,135.782955
1,150,x,lsav18-18,,35.485783,135.758676
1,151,cۈ牀,ls45-8,,35.457669,135.718827
1,152,cwZ,lsc10-1,,35.430454,135.662348
1,153,lsӂ邳ƕ̐X,ls[7-11-1,,35.424744,135.688261
1,154,ӂꂠ,ls54,,35.480719,135.710453
1,155,lwZ,lsѐ59-32,,35.481719,135.677044
1,156,LIwZ(wт̗߂),s钬9-1,,35.986184,136.485671
1,157,s,sV_1-1,,35.979816,136.487577
1,158,gW,sg16-17,,35.98354,136.494429
1,159,암,sg9-8,,35.980391,136.494959
1,160,a,s79-11,,35.964852,136.500784
1,161,LI쏬wZ,st񒚖8-30,,35.97605,136.493904
1,162,,sL11-10,,35.983743,136.500148
1,163,EƌP,sp꒚1601-1,,35.985196,136.505817
1,164,zwZ,szO202,,35.991448,136.497176
1,165,,s쒬O1-16,,35.992742,136.491354
1,166,щ,s37-52,,36.0049,136.490963
1,167,ct,s66-1,,35.9954,136.467568
1,168,R,s10-9,,35.960891,136.491896
1,169,ؖ{W,sؖ{49-3,,35.935023,136.51225
1,170,㏯,s43-2,,35.949069,136.522866
1,171,܏W,sܞ14-15-1,,35.942637,136.545942
1,172,㓪Xёg,sg6-7,,35.973717,136.509233
1,173,Ԃ鰖X(XڏwZ),sX22-7,,36.010231,136.526254
1,174,xc,s42-6-1,,35.990908,136.539908
1,175,nwZ,sn126-32,,35.971382,136.550779
1,176,ېP,s32-8,,35.991542,136.561584
1,177,JwZ,s11-14,,35.984901,136.574065
1,178,ZCtW,sZCt33-13-1,,36.012002,136.581387
1,179,ӂ邳ƎR̉,s13-1-5,,35.967484,136.597045
1,180,a򑍍,s25-7,,35.905223,136.662656
1,181,[nW{,s[37-4-2,,35.884651,136.611527
1,182,RnW{,sR43-45,,35.92052,136.638573
1,183,Rs,Rs꒚1-1,,36.060922,136.500548
1,184,ǂ,Rs򒬓񒚖3-22,,36.064189,136.501503
1,185,퐼wZ,Rsa꒚6-81,,36.061878,136.505431
1,186,ct,Rs񒚖18-38,,36.055156,136.502745
1,187,񒚖ڋ斯,Rs񒚖2-21,,36.053868,136.509142
1,188,쐣,Rsks7-4,,36.043203,136.510109
1,189,򎛌,Rs򎛒170-110,,36.034365,136.530968
1,190,J,Rs򎛒J,,36.018104,136.556393
1,191,N₩,RsS꒚1-50,,36.068924,136.496365
1,192,Ȑ_J,RsȐ_J22-27-1,,36.091124,136.528978
1,193,kJЭè,RskJ͍26-2-1,,36.105059,136.558198
1,194,,RsJ15-1,,36.090296,136.491163
1,195,ry,Rsryc8-4,,36.081314,136.476132
1,196,rywZז앪Z,Rsryז94-3,,36.098243,136.470768
1,197,k,Rsk18-24,,36.085466,136.434536
1,198,ɒmn,Rskɒmn59-8-2,,36.08556,136.415739
1,199,J,RsJ{31-7,,36.056392,136.464543
1,200,xH,RsxH48-42,,36.042085,136.495035
1,201,I]ct,I]s̏o6-37,,35.942341,136.185957
1,202,I],I]s꒚1-16,,35.945368,136.183088
1,203,{,I]s{l6-16,,35.94949,136.184285
1,204,MÎ,I]sMÒl8-16,,35.934756,136.181786
1,205,V],I]sz1-43-2,,35.942099,136.200669
1,206,_,I]sOZ꒚4-12,,35.970595,136.178771
1,207,_wZ̈,I]sl13-23,,35.970167,136.184387
1,208,̎ۈ牀,I]sH꒚3-18-2,,35.984227,136.186808
1,209,HW,I]sK񒚖14-13,,35.977811,136.192244
1,210,͔_Ǝڰݸ޾,I]s쒬203-8,,35.956287,136.208593
1,211,Џ̈,I]s쒬6-8-1,,35.973626,136.230529
1,212,Ҍ,I]s{702-2,,35.983324,136.173926
1,213,g_P,I]sq5-14-1,,35.963054,136.157154
1,214,L,I]sc26-8-1,,35.946092,136.152072
1,215,kR,I]s䒬41-33-1,,35.951427,136.237743
1,216,͘acwZ̈,I]sܒ67-8,,35.952997,136.279019
1,217,Γcۈ珊,I]sΓc㒬44-1,,35.979554,136.160972
1,218,̂܂,s32-16,,36.222359,136.194498
1,219,_Ǝڰݸ޾,se23-1,,36.22875,136.20678
1,220,ؐVcӂꂠ,s4-1-1,,36.196393,136.216338
1,221,{,sԉԓn1-5,,36.2055,136.197237
1,222,VwZ,sl1-1,,36.210304,136.177946
1,223,k,sk150-1,,36.259014,136.225957
1,224,gwZ,sg25-1,,36.262141,136.201411
1,225,g,sg8-34,,36.287369,136.253204
1,226,Γ,sטC26-1,,36.263616,136.247921
1,227,טC،,s63-21,,36.239881,136.255454
1,228,򋽉,s23-3-1,,36.244031,136.278752
1,229,؍],sk6-101-1,,36.19803,136.268741
1,230,x,s18-10,,36.202771,136.284575
1,231,Ɉ,s12-4,,36.197454,136.24944
1,232,,s`36-20,,36.236083,136.238053
1,233,ÏwZ,sԔTm꒚20-1,,36.21854,136.225667
1,234,,ssP꒚9-18,,36.212544,136.230761
1,235,bct,zOsZg3-29,,35.899027,136.168994
1,236,N,zOs{꒚11-2,,35.904473,136.17038
1,237,,zOs{񒚖9-12,,35.908487,136.16851
1,238,ꒆwZ,zOso꒚6-1,,35.908558,136.158434
1,239,wZ,zOs񒚖2-13,,35.90257,136.158142
1,240,Ȃ悵ۈ牀,zOs񒚖4-14,,35.89909,136.160914
1,241,ۈ牀,zOs|12-23,,35.893122,136.167158
1,242,쎙,zOs11-28,,35.895558,136.16473
1,243,񒆊wZ,zOs@42-15,,35.887381,136.160378
1,244,_R,zOsL102-41,,35.885736,136.136642
1,245,g쏬wZ,zOs{ے17-1,,35.926103,136.157239
1,246,Ƌvۈ牀,zOsƋv94-2-1,,35.922551,136.166921
1,247,OwZ,zOs񒚖3-56,,35.905709,136.175876
1,248,ӂꂠ,zOs꒚13-11,,35.912453,136.184953
1,249,,zOs񒚖324-13,,35.911362,136.189746
1,250,咎wZ,zOsX14-15,,35.906208,136.141866
1,251,گތ𗬾,zOsJ25-25-2,,35.860107,136.086959
1,252,qۏwZ,zOsh5-14,,35.866111,136.167481
1,253,剖Эè,zOs剖20-1-1,,35.849277,136.160344
1,254,kV̈,zOsk54-25,,35.912859,136.211052
1,255,k쎙,zOsJ1-13,,35.890106,136.190611
1,256,^ct,zOsr9-1,,35.890557,136.23317
1,257,ӂꂠ,zOs19-35,,35.885177,136.274677
1,258,RwZ,zOssӒ24-2,,35.888058,136.052884
1,259,{ǂ,zOs{89-29-1,,35.912023,136.077611
1,260,➏wZ,zOsc41-12,,35.914121,136.240393
1,261,UwK,zOsF10-2-2,,35.913871,136.24484
1,262,ΏW,zOsΒ2-42,,35.902642,136.278415
1,263,ΘJNΰ,zOs21-7-1,,35.92922,136.248181
1,264,ԏwZ,zOsؒ12-11,,35.935436,136.265071
1,265,ZJ,zOsZ40-6-2,,35.935829,136.301126
1,266,ԏWP,zOsԒ17-20-1,,35.91314,136.285703
1,267,O쏬wZ,sOR꒚1-50,,36.211745,136.155354
1,268,OЭè,sOk{񒚖1-33,,36.217378,136.148898
1,269,hcۉ,sOh񒚖3-45,,36.22368,136.139241
1,270,ClR,sO36-72,,36.248532,136.132143
1,271,˥Эè,sO136-7-7,,36.231016,136.167843
1,272,O^NǗ,sO^꒚4-1,,36.227446,136.145093
1,273,VۺЭè,sOV12-9,,36.209523,136.143161
1,274,llЭè,sO58-16,,36.171955,136.143873
1,275,OؕЭè,sOy~30-1,,36.203713,136.162223
1,276,Эè,sۉ5-10-12,,36.111115,136.307026
1,277,镔wZ,sۉc7-24,,36.123103,136.256721
1,278,Εۈ牀,sۉ镔24-18,,36.116813,136.266275
1,279,Эè,sۉq45-47,,36.127545,136.284015
1,280,sۉx,sۉۉ12-21-1,,36.148964,136.267321
1,281,Эè,sۉM110-15-1,,36.147252,136.250531
1,282,ۉ̂܂Эè,sۉ1-13-1,,36.152358,136.270173
1,283,ۉی(̋),sۉ21-7-1,,36.154894,136.280305
1,284,|cЭè,sۉR|c119-3,,36.161892,136.331089
1,285,t],st]]a4-4,,36.123349,136.224594
1,286,t]Эè,st]17-17,,36.134147,136.218658
1,287,t]wZ,st]Y3-3,,36.132964,136.201143
1,288,t]kcۉ,st]11-2-3,,36.14897,136.189807
1,289,t]wZ,st]29-1,,36.12946,136.237886
1,290,\Эè,s䒬25-11-1,,36.164939,136.236679
1,291,Vl,s䒬V19-1,,36.166555,136.222947
1,292,ֺЭè,s䒬12-5-1,,36.184908,136.218796
1,293,ɏwZ(ɗct),s䒬㕺65-5,,36.168065,136.204068
1,294,ؕ,s䒬117-11,,36.183537,136.170801
1,295,c,it꒚63,,36.0976,136.305108
1,296,ct,i_O129,,36.091703,136.301386
1,297,c,iO120,,36.09112,136.294612
1,298,˗c,i蓇38-6,,36.106784,136.289273
1,299,Ȃ悵c,ig15-37,,36.087959,136.296437
1,300,ړIW,ig25-18,,36.072155,136.296112
1,301,uӂꂠ,iu11-82,,36.099616,136.312137
1,302,ӂ邳ƊwK,il803,,36.093117,136.287651
1,303,iی,iÎs8-16-2,,36.097442,136.324983
1,304,uc,iJ1-14,,36.094704,136.333318
1,305,ӂꂠ,i17-82,,36.085233,136.361492
1,306,zKԂӂꂠ,izK21-7-1,,36.088143,136.318512
1,307,uc,isX2-19-1,,36.069476,136.327775
1,308,u,iu6-10-1,,36.054928,136.352764
1,309,ukc,igg23-8-1,,36.095929,136.361708
1,310,WP,iR13-14-1,,36.104763,136.326857
1,311,u䕶ٻݻΰ,iΏ29-67-1,,36.070869,136.403071
1,312,iux,iIZg1-1,,36.078163,136.397466
1,313,qWP,iq22-31,,36.08357,136.385283
1,314,rcJ,rc35-5,,35.891433,136.344354
1,315,pԋ̈,rc23-42,,35.858176,136.303931
1,316,rcِC,rcC62-3,,35.88762,136.367765
1,317,ғiL,rcK15-7,,35.918615,136.35143
1,318,Jn,rcJ14-10-1,,35.944563,136.359439
1,319,ی,zOe{17-38-1,,35.843287,136.184825
1,320,쐶P,zO35-1,,35.8312,136.208272
1,321,ʏW,zOʏ4-45-2,,35.819477,136.195957
1,322,n,zO哹32-5,,35.833994,136.195073
1,323,va斯,zOva59-11,,35.812701,136.21491
1,324,wZ,zO88-2,,35.792397,136.198718
1,325,ÖؐP,zOÖ14-4-1,,35.794898,136.253492
1,326,qJыƏW,zOqJ18-5,,35.795801,136.282528
1,327,,zO68-16-1,,35.77426,136.197204
1,328,f,zOV24-25-1,,35.75992,136.169476
1,329,,zO8-2-3,,35.749511,136.202448
1,330,FÔW,zOFÔ27-8-1,,35.730175,136.225655
1,331,炬,zOԔ38-1,,35.81846,136.099561
1,332,͖쑍,zO͖15-16-1,,35.825003,136.068453
1,333,by鋙ƌC,zOby8-269,,35.838145,136.051972
1,334,f,zOf15-2,,35.851318,136.041428
1,335,zOUwK,zOS13-19-3,,35.973796,136.128531
1,336,wZz,zOC䏯57-57,,35.979762,136.130825
1,337,wZ,zOV5-7,,35.981262,136.129387
1,338,ۈ珊,zOX33-3-1,,35.954902,136.12318
1,339,֏wZ,zO20-9,,35.962206,136.113306
1,340,_P޾,zO얖12-61,,35.990496,136.107441
1,341,ۈ珊,zO㎅80-8,,35.997253,136.08526
1,342,W{,zO㎅11-3,,36.00741,136.069573
1,343,{Эè,zO]g50-8-1,,35.942425,136.073769
1,344,]ۈ珊,zO]34-31,,35.927887,136.064181
1,345,̒Jۈ珊,zO13-1-1,,35.932271,136.112043
1,346,{蒆wZ,zO~20-20,,35.936964,136.087595
1,347,񌤏C,zOE24-14-1,,35.985817,135.962009
1,348,ʐnW{,zOʐ44-27-1,,35.970136,135.970084
1,349,zO޺Эè,zO~Y60-2-1,,35.952691,135.984786
1,350,VےnW{,zOV12-35-1,,35.949933,135.986491
1,351,nW{,zO43-8-26,,35.940296,135.992886
1,352,~nW{,zO~16-17-1,,35.928323,135.99833
1,353,lnW{,zO9-1,,35.904798,135.997714
1,354,ɒnW{,zO52-49,,35.887417,135.996201
1,355,DcЭè,zODc36-1,,35.961069,136.056059
1,356,wl̉,zO54-1,,35.941104,136.048733
1,357,R,zOR6-3-1,,35.957229,136.029893
1,358,쐶P,zODc2-1,,35.972875,136.05943
1,359,W,zO24-37,,35.981787,136.04248
1,360,ˏW,zO26-29,,35.961045,136.082587
2,361,l݂ݕۈ牀,lvXq42-1-3,,35.60284,135.920014
2,362,lk,lc15-1,,35.611153,135.900896
2,363,l炬ۈ牀,l͌s8-8,,35.60264,135.946581
2,364,lVҕ,lV75-2,,35.565655,135.971681
2,365,lȂݕۈ牀,lc62-43,,35.627734,135.983569
2,366,llC̕炵,ll100-14,,35.655022,135.975078
2,367,lٷް̌,lO62-1,,35.706107,135.973706
2,368,lی,lac117-68,,35.4899,135.579472
2,369,ac܋ӂꂠ,lac128-43-2,,35.495772,135.577716
2,370,搶P,l47-9-1,,35.487133,135.559931
2,371,l,l{86-23-2,,35.487986,135.546521
2,372,l,l12-1,,35.486103,135.541455
2,373,O,lO6-21-8,,35.496822,135.511523
2,374,,l8-4-1,,35.484351,135.504001
2,375,wZ앪Z,l17-2,,35.491111,135.483353
2,376,_쏬wZ,l_4-1-1,,35.512442,135.498344
2,377,CW,lC63-2-1,,35.5364,135.511402
2,378,wZ,l21-6,,35.540449,135.469852
2,379,Y,lR104-4-2,,35.517965,135.46387
2,380,,{136-1-1,,35.48129,135.617221
2,381,K,K18-22,,35.45835,135.615484
2,382,܂т,莛27-81,,35.457142,135.596877
2,383,c,c8-14-1,,35.470002,135.608724
2,384,W_W,40-1,,35.492334,135.621209
2,385,,26-9,,35.474508,135.639719
2,386,,86-3-1,,35.44161,135.522135
2,387,_ыƾ,ΎR15-10-1,,35.449314,135.558748
2,388,wZ,21-22-1,,35.451128,135.571756
2,389,{搶P,哇45-35-1,,35.531182,135.656725
2,390,͂܂𗬾,哇90-27,,35.525326,135.643043
2,391,WP,哇113,,35.520493,135.635846
2,392,[cIW,c[cI83-5-1,,35.392997,135.582031
2,393,{J,c{33-5-1,,35.39998,135.612025
2,394,݌e̗,c25-4,,35.406124,135.629049
2,395,掩,c31-16,,35.402882,135.644148
2,396,܂R,c33-12-1,,35.407185,135.65145
2,397,cۈ牀,cq16-10-4,,35.398981,135.67449
2,398,v掩W (肠),c38-1-2,,35.4,135.688097
2,399,OdՂ̗,cOd34-6-1,,35.410343,135.683425
2,400,vc̗𗬾,c3-5-1,,35.399684,135.700405
2,401,݂ݕۈ珊,ዷ46-24,,35.513064,135.900544
2,402,ϏwZ,ዷ2-43,,35.5356,135.907784
2,403,ۈ珊,ዷl48-38,,35.550805,135.905526
2,404,CRۈ珊,ዷ㐣1-1-67,,35.584304,135.908573
2,405,~̗wZ,ዷc23-10-1,,35.559256,135.868621
2,406,wZ,ዷ_q14-4,,35.616402,135.83961
2,407,Ƃ΂qۈ牀,ዷ咹H38-36-1,,35.508577,135.867129
2,408,킩Εۈ牀,ዷZ37-1,,35.462005,135.875071
2,409,F,ዷF43-37,,35.445932,135.899991
2,410,ዷ㒆,ዷs20-18,,35.461879,135.857186
2,411,؏wZ,ዷ15-7-1,,35.476135,135.829513
